{"cameraMode":{"drawMode":0,"name":"Shaded","section":"Shading Mode"},"sceneLighting":true,"audioPlay":false,"sceneViewState":{"m_AlwaysRefresh":false,"showFog":true,"showSkybox":true,"showFlares":true,"showImageEffects":true,"showParticleSystems":true,"showVisualEffectGraphs":true,"m_FxEnabled":true},"in2DMode":false,"pivot":{"x":441.7234802246094,"y":305.3368835449219,"z":20.618738174438478},"rotation":{"x":0.06475601345300675,"y":-0.013149656355381012,"z":0.0011471807956695557,"w":0.9978591799736023},"size":180.7910919189453,"orthographic":true}